{"version": "1.1", "login40": {"latency": {"max": 54300, "mean": 3101.6584036134, "min": 42, "percentiles": {"50": 117, "90": 9197, "95": 10115, "99": 11014, "99.999": 49438}, "stdev": 3874.9028180244}, "requests": {"max": 13030, "mean": 1160.2438060095, "min": 31, "percentiles": {"50": 91, "90": 5939, "95": 8670, "99": 10535, "99.999": 13030}, "stdev": 2674.4932038742}, "summary": {"bytes": 46809462, "connections": 40, "duration": 10139936, "errors": {"connect": 0, "read": 0, "status": 0, "timeout": 0, "write": 0}, "requests": 450090, "served": 40}}, "login500": {"latency": {"max": 430790, "mean": 4671.4267754285, "min": 40, "percentiles": {"50": 1951, "90": 10487, "95": 11919, "99": 35379, "99.999": 407161}, "stdev": 10710.687492048}, "requests": {"max": 34777, "mean": 4874.8138043752, "min": 16, "percentiles": {"50": 1445, "90": 16029, "95": 18921, "99": 22333, "99.999": 34777}, "stdev": 6137.6786853883}, "summary": {"bytes": 418540282, "connections": 448, "duration": 10103347, "errors": {"connect": 0, "read": 0, "status": 0, "timeout": 0, "write": 0}, "requests": 4024415, "served": 448}}, "login10k": {"latency": {"max": 7828369, "mean": 127519.62161213, "min": 41, "percentiles": {"50": 31415, "90": 271894, "95": 459717, "99": 1760379, "99.999": 7470765}, "stdev": 361362.58261753}, "requests": {"max": 68544, "mean": 6754.8020548426, "min": 6, "percentiles": {"50": 4257, "90": 15522, "95": 20558, "99": 32261, "99.999": 68544}, "stdev": 6700.2836660168}, "summary": {"bytes": 2434957209, "connections": 9984, "duration": 30387190, "errors": {"connect": 0, "read": 0, "status": 0, "timeout": 83, "write": 0}, "requests": 23411261, "served": 9984}}, "wwwcsvt100": {"latency": {"max": 4717746, "mean": 2794200.9907621, "min": 35969, "percentiles": {"50": 2796987, "90": 3482676, "95": 3606995, "99": 4357003, "99.999": 4717746}, "stdev": 638656.76187319}, "requests": {"max": 9, "mean": 0.034642032332564, "min": 0, "percentiles": {"50": 0, "90": 0, "95": 0, "99": 0, "99.999": 9}, "stdev": 0.48227942932642}, "summary": {"bytes": 31726344, "connections": 64, "duration": 20126556, "errors": {"connect": 0, "read": 0, "status": 0, "timeout": 0, "write": 0}, "requests": 433, "served": 64}}, "doom100": {"latency": {"max": 0, "mean": 0, "min": 1.844674407371e+19, "percentiles": {"50": 0, "90": 0, "95": 0, "99": 0, "99.999": 0}, "stdev": 0}, "requests": {"max": 0, "mean": 0, "min": 1.844674407371e+19, "percentiles": {"50": 0, "90": 0, "95": 0, "99": 0, "99.999": 0}, "stdev": 0}, "summary": {"bytes": 32466186, "connections": 40, "duration": 20104413, "errors": {"connect": 0, "read": 0, "status": 0, "timeout": 73, "write": 0}, "requests": 0, "served": 0}}}