{"version": "1.1", "login40": {"latency": {"max": 207690, "mean": 2375.2630534124, "min": 39, "percentiles": {"50": 123, "90": 164, "95": 182, "99": 111797, "99.999": 207170}, "stdev": 17393.949089598}, "requests": {"max": 14717, "mean": 7929.1181772659, "min": 140, "percentiles": {"50": 8050, "90": 8484, "95": 8590, "99": 8898, "99.999": 14717}, "stdev": 867.57146217389}, "summary": {"bytes": 328436612, "connections": 40, "duration": 10099117, "errors": {"connect": 0, "read": 0, "status": 0, "timeout": 0, "write": 0}, "requests": 3158028, "served": 40}}, "login500": {"latency": {"max": 1054568, "mean": 13033.480802562, "min": 45, "percentiles": {"50": 599, "90": 870, "95": 71343, "99": 236316, "99.999": 1046576}, "stdev": 70936.50717747}, "requests": {"max": 33111, "mean": 11135.41392286, "min": 262, "percentiles": {"50": 11121, "90": 12565, "95": 13350, "99": 16620, "99.999": 33111}, "stdev": 1866.8123362481}, "summary": {"bytes": 735643946, "connections": 448, "duration": 10099841, "errors": {"connect": 0, "read": 0, "status": 0, "timeout": 0, "write": 0}, "requests": 7073405, "served": 448}}, "login10k": {"latency": {"max": 4542227, "mean": 60643.75969267, "min": 58, "percentiles": {"50": 14751, "90": 57293, "95": 185609, "99": 1304999, "99.999": 4474891}, "stdev": 262722.1168647}, "requests": {"max": 92303, "mean": 9236.1669876633, "min": 101, "percentiles": {"50": 9151, "90": 9747, "95": 10171, "99": 13505, "99.999": 92303}, "stdev": 1948.0142491666}, "summary": {"bytes": 1836708752, "connections": 9984, "duration": 30101070, "errors": {"connect": 0, "read": 0, "status": 0, "timeout": 271, "write": 0}, "requests": 17657265, "served": 9984}}, "wwwcsvt100": {"latency": {"max": 1442164, "mean": 42474.448714818, "min": 160, "percentiles": {"50": 3116, "90": 157087, "95": 187635, "99": 222077, "99.999": 1424539}, "stdev": 71443.497195345}, "requests": {"max": 1020, "mean": 207.80174027977, "min": 1, "percentiles": {"50": 150, "90": 460, "95": 540, "99": 696, "99.999": 1020}, "stdev": 172.48378792702}, "summary": {"bytes": 15105255016, "connections": 64, "duration": 20099913, "errors": {"connect": 0, "read": 0, "status": 0, "timeout": 0, "write": 0}, "requests": 218957, "served": 64}}, "doom100": {"latency": {"max": 3152055, "mean": 126833.89293149, "min": 3074, "percentiles": {"50": 72616, "90": 273100, "95": 351201, "99": 737597, "99.999": 3152055}, "stdev": 167884.38360795}, "requests": {"max": 110, "mean": 14.181336593317, "min": 0, "percentiles": {"50": 10, "90": 30, "95": 30, "99": 50, "99.999": 110}, "stdev": 10.487278293149}, "summary": {"bytes": 19797903324, "connections": 40, "duration": 20099697, "errors": {"connect": 0, "read": 0, "status": 0, "timeout": 0, "write": 0}, "requests": 8569, "served": 40}}}